episode,run0,run1,run2,run3,run4
1,7.0,3.0,6.0,3.0,3.0
2,3.0,8.0,6.0,2.0,3.0
3,6.0,2.0,5.0,3.0,4.0
4,13.0,3.0,7.0,7.0,3.0
5,6.0,2.0,5.0,9.0,9.0
6,7.0,2.0,10.0,13.0,3.0
7,3.0,5.0,4.0,8.0,3.0
8,2.0,6.0,4.0,5.0,15.0
9,2.0,13.0,2.0,2.0,14.0
10,4.0,4.0,16.0,4.0,10.0
11,3.0,4.0,10.0,12.0,7.0
12,2.0,2.0,25.0,4.0,3.0
13,8.0,5.0,6.0,4.0,2.0
14,9.0,3.0,4.0,14.0,8.0
15,8.0,7.0,9.0,3.0,13.0
16,29.0,8.0,3.0,18.0,18.0
17,30.0,5.0,12.0,28.0,13.0
18,9.0,2.0,14.0,17.0,20.0
19,9.0,4.0,11.0,10.0,7.0
20,28.0,4.0,22.0,3.0,29.0
21,5.0,4.0,4.0,19.0,29.0
22,10.0,5.0,8.0,3.0,5.0
23,4.0,5.0,14.0,9.0,2.0
24,6.0,7.0,21.0,3.0,6.0
25,2.0,11.0,11.0,3.0,3.0
26,24.0,3.0,4.0,10.0,40.0
27,23.0,9.0,2.0,13.0,6.0
28,26.0,3.0,8.0,6.0,9.0
29,27.0,4.0,7.0,33.0,14.0
30,23.0,9.0,5.0,22.0,10.0
31,7.0,3.0,11.0,3.0,9.0
32,37.0,3.0,13.0,11.0,9.0
33,11.0,5.0,32.0,6.0,33.0
34,5.0,5.0,19.0,39.0,19.0
35,28.0,6.0,19.0,2.0,45.0
36,15.0,5.0,19.0,2.0,27.0
37,26.0,4.0,5.0,20.0,38.0
38,19.0,3.0,5.0,12.0,44.0
39,26.0,7.0,11.0,21.0,20.0
40,29.0,5.0,8.0,39.0,7.0
41,35.0,19.0,9.0,31.0,43.0
42,19.0,7.0,7.0,15.0,26.0
43,48.0,27.0,55.0,32.0,9.0
44,28.0,5.0,15.0,46.0,52.0
45,22.0,6.0,28.0,12.0,27.0
46,37.0,4.0,28.0,27.0,53.0
47,19.0,10.0,49.0,29.0,26.0
48,28.0,25.0,13.0,15.0,26.0
49,43.0,24.0,43.0,34.0,41.0
50,30.0,28.0,25.0,21.0,33.0
51,13.0,21.0,35.0,31.0,52.0
52,17.0,7.0,43.0,32.0,31.0
53,64.0,22.0,14.0,15.0,59.0
54,78.0,40.0,25.0,45.0,39.0
55,27.0,3.0,23.0,37.0,53.0
56,15.0,23.0,23.0,35.0,36.0
57,52.0,21.0,38.0,39.0,46.0
58,33.0,59.0,9.0,29.0,56.0
59,21.0,36.0,17.0,30.0,97.0
60,28.0,42.0,21.0,37.0,135.0
61,22.0,20.0,43.0,36.0,114.0
62,49.0,45.0,29.0,34.0,91.0
63,60.0,36.0,37.0,20.0,53.0
64,102.0,27.0,74.0,21.0,56.0
65,86.0,33.0,39.0,24.0,16.0
66,123.0,28.0,18.0,29.0,89.0
67,197.0,40.0,39.0,26.0,80.0
68,102.0,43.0,43.0,27.0,69.0
69,76.0,44.0,47.0,38.0,64.0
70,62.0,66.0,22.0,36.0,69.0
71,112.0,49.0,40.0,39.0,68.0
72,63.0,58.0,71.0,37.0,63.0
73,50.0,65.0,54.0,50.0,69.0
74,12.0,59.0,73.0,49.0,68.0
75,90.0,96.0,54.0,48.0,72.0
76,62.0,97.0,73.0,4.0,76.0
77,91.0,54.0,51.0,19.0,74.0
78,17.0,46.0,13.0,24.0,88.0
79,46.0,44.0,54.0,3.0,74.0
80,83.0,24.0,72.0,25.0,85.0
81,66.0,61.0,66.0,46.0,71.0
82,55.0,50.0,102.0,46.0,68.0
83,101.0,18.0,60.0,54.0,71.0
84,78.0,48.0,54.0,51.0,74.0
85,63.0,27.0,44.0,56.0,172.0
86,68.0,37.0,15.0,43.0,80.0
87,71.0,29.0,54.0,42.0,29.0
88,54.0,29.0,73.0,39.0,191.0
89,61.0,26.0,71.0,52.0,231.0
90,80.0,31.0,84.0,46.0,223.0
91,86.0,28.0,53.0,48.0,81.0
92,64.0,2.0,57.0,50.0,128.0
93,91.0,39.0,58.0,52.0,215.0
94,52.0,36.0,49.0,54.0,167.0
95,77.0,23.0,96.0,46.0,29.0
96,63.0,64.0,68.0,53.0,171.0
97,78.0,23.0,50.0,58.0,156.0
98,56.0,31.0,60.0,51.0,68.0
99,64.0,29.0,55.0,57.0,83.0
100,46.0,29.0,64.0,11.0,126.0
101,70.0,32.0,31.0,54.0,82.0
102,80.0,40.0,51.0,53.0,115.0
103,65.0,54.0,55.0,81.0,119.0
104,65.0,2.0,52.0,63.0,106.0
105,44.0,45.0,73.0,56.0,91.0
106,53.0,39.0,63.0,60.0,21.0
107,65.0,53.0,59.0,45.0,81.0
108,26.0,40.0,66.0,55.0,89.0
109,40.0,19.0,50.0,67.0,61.0
110,59.0,33.0,60.0,68.0,73.0
111,38.0,57.0,58.0,57.0,214.0
112,74.0,48.0,68.0,214.0,103.0
113,46.0,47.0,4.0,91.0,96.0
114,17.0,60.0,52.0,97.0,83.0
115,47.0,6.0,31.0,35.0,110.0
116,57.0,54.0,63.0,68.0,160.0
117,50.0,46.0,51.0,75.0,139.0
118,14.0,17.0,16.0,43.0,182.0
119,80.0,15.0,31.0,12.0,79.0
120,51.0,4.0,43.0,61.0,140.0
121,68.0,61.0,51.0,141.0,120.0
122,76.0,54.0,38.0,45.0,125.0
123,53.0,65.0,47.0,35.0,129.0
124,29.0,21.0,65.0,53.0,31.0
125,49.0,68.0,63.0,71.0,102.0
126,58.0,61.0,61.0,66.0,87.0
127,58.0,46.0,32.0,52.0,164.0
128,50.0,52.0,45.0,56.0,110.0
129,76.0,21.0,55.0,65.0,163.0
130,57.0,52.0,53.0,59.0,134.0
131,55.0,59.0,54.0,50.0,381.0
132,43.0,12.0,78.0,52.0,5.0
133,65.0,59.0,81.0,62.0,62.0
134,48.0,78.0,73.0,53.0,33.0
135,63.0,37.0,30.0,53.0,55.0
136,40.0,67.0,44.0,34.0,42.0
137,48.0,60.0,41.0,59.0,22.0
138,44.0,55.0,21.0,56.0,15.0
139,26.0,66.0,46.0,85.0,53.0
140,12.0,73.0,36.0,57.0,41.0
141,15.0,91.0,22.0,57.0,3.0
142,50.0,62.0,40.0,34.0,109.0
143,45.0,102.0,48.0,75.0,48.0
144,51.0,56.0,10.0,59.0,36.0
145,37.0,71.0,3.0,66.0,35.0
146,56.0,67.0,21.0,36.0,12.0
147,13.0,57.0,45.0,56.0,24.0
148,31.0,72.0,49.0,66.0,11.0
149,23.0,68.0,48.0,56.0,22.0
150,57.0,26.0,69.0,61.0,48.0
151,44.0,58.0,51.0,56.0,4.0
152,53.0,64.0,58.0,42.0,46.0
153,22.0,48.0,62.0,7.0,30.0
154,4.0,70.0,102.0,61.0,73.0
155,17.0,56.0,43.0,51.0,15.0
156,32.0,54.0,76.0,9.0,53.0
157,64.0,72.0,28.0,67.0,23.0
158,13.0,68.0,116.0,137.0,13.0
159,44.0,74.0,22.0,91.0,48.0
160,85.0,59.0,99.0,23.0,44.0
161,60.0,68.0,70.0,38.0,97.0
162,101.0,70.0,57.0,15.0,153.0
163,55.0,59.0,19.0,13.0,166.0
164,22.0,67.0,124.0,21.0,138.0
165,14.0,102.0,6.0,147.0,134.0
166,90.0,68.0,58.0,93.0,151.0
167,58.0,55.0,91.0,40.0,269.0
168,31.0,96.0,11.0,130.0,89.0
169,21.0,61.0,11.0,13.0,155.0
170,50.0,44.0,71.0,13.0,83.0
171,50.0,52.0,138.0,170.0,10.0
172,89.0,5.0,49.0,55.0,201.0
173,57.0,84.0,71.0,80.0,148.0
174,80.0,22.0,108.0,49.0,76.0
175,26.0,15.0,66.0,18.0,16.0
176,37.0,51.0,122.0,115.0,27.0
177,71.0,36.0,5.0,47.0,27.0
178,87.0,97.0,118.0,16.0,73.0
179,51.0,53.0,98.0,7.0,204.0
180,51.0,72.0,59.0,35.0,64.0
181,61.0,109.0,25.0,14.0,129.0
182,74.0,14.0,45.0,5.0,89.0
183,74.0,38.0,106.0,148.0,120.0
184,48.0,60.0,25.0,133.0,113.0
185,69.0,64.0,48.0,77.0,124.0
186,51.0,56.0,73.0,64.0,57.0
187,21.0,28.0,13.0,113.0,124.0
188,5.0,39.0,4.0,106.0,79.0
189,49.0,57.0,254.0,81.0,78.0
190,66.0,80.0,40.0,4.0,63.0
191,97.0,62.0,57.0,205.0,2.0
192,72.0,70.0,55.0,24.0,68.0
193,71.0,92.0,53.0,53.0,78.0
194,88.0,63.0,63.0,26.0,59.0
195,52.0,86.0,45.0,120.0,109.0
196,95.0,93.0,70.0,13.0,164.0
197,38.0,53.0,96.0,50.0,161.0
198,79.0,151.0,51.0,72.0,107.0
199,223.0,92.0,12.0,54.0,3.0
200,97.0,61.0,63.0,71.0,123.0
201,13.0,89.0,32.0,78.0,10.0
202,61.0,50.0,47.0,121.0,150.0
203,16.0,54.0,12.0,50.0,86.0
204,116.0,28.0,10.0,96.0,432.0
205,50.0,72.0,17.0,9.0,56.0
206,72.0,42.0,3.0,150.0,44.0
207,48.0,75.0,44.0,232.0,26.0
208,69.0,43.0,25.0,68.0,40.0
209,75.0,7.0,51.0,76.0,19.0
210,43.0,60.0,23.0,59.0,3.0
211,187.0,12.0,37.0,16.0,9.0
212,53.0,76.0,30.0,124.0,40.0
213,38.0,111.0,7.0,108.0,131.0
214,87.0,61.0,6.0,65.0,2.0
215,14.0,62.0,51.0,14.0,69.0
216,84.0,83.0,45.0,8.0,6.0
217,56.0,16.0,10.0,9.0,21.0
218,31.0,16.0,17.0,28.0,101.0
219,83.0,50.0,69.0,63.0,123.0
220,8.0,81.0,64.0,55.0,210.0
221,40.0,68.0,59.0,76.0,194.0
222,15.0,51.0,51.0,21.0,182.0
223,32.0,35.0,48.0,85.0,134.0
224,35.0,114.0,157.0,127.0,44.0
225,77.0,42.0,17.0,49.0,49.0
226,81.0,84.0,101.0,51.0,73.0
227,5.0,53.0,67.0,58.0,16.0
228,8.0,61.0,55.0,56.0,43.0
229,64.0,4.0,8.0,52.0,50.0
230,60.0,21.0,218.0,69.0,49.0
231,87.0,131.0,16.0,41.0,41.0
232,90.0,20.0,29.0,79.0,47.0
233,60.0,43.0,25.0,101.0,45.0
234,65.0,57.0,60.0,183.0,39.0
235,64.0,270.0,8.0,135.0,40.0
236,74.0,69.0,29.0,104.0,2.0
237,72.0,42.0,66.0,36.0,39.0
238,48.0,71.0,37.0,109.0,47.0
239,58.0,6.0,24.0,23.0,42.0
240,52.0,23.0,57.0,15.0,2.0
241,5.0,63.0,39.0,77.0,46.0
242,75.0,73.0,33.0,21.0,12.0
243,68.0,70.0,159.0,20.0,13.0
244,89.0,77.0,37.0,23.0,43.0
245,25.0,63.0,64.0,70.0,2.0
246,31.0,79.0,87.0,35.0,61.0
247,38.0,56.0,44.0,59.0,57.0
248,53.0,54.0,103.0,3.0,15.0
249,15.0,60.0,25.0,58.0,113.0
250,41.0,52.0,168.0,69.0,116.0
251,151.0,6.0,91.0,126.0,58.0
252,92.0,35.0,68.0,66.0,81.0
253,63.0,117.0,26.0,116.0,81.0
254,50.0,29.0,59.0,25.0,2.0
255,17.0,74.0,12.0,37.0,111.0
256,13.0,71.0,52.0,107.0,220.0
257,20.0,6.0,37.0,145.0,209.0
258,260.0,60.0,55.0,5.0,176.0
259,27.0,75.0,51.0,65.0,99.0
260,44.0,14.0,72.0,17.0,97.0
261,68.0,9.0,55.0,131.0,229.0
262,72.0,48.0,171.0,153.0,208.0
263,25.0,66.0,84.0,112.0,151.0
264,42.0,57.0,146.0,102.0,116.0
265,179.0,25.0,106.0,143.0,43.0
266,30.0,2.0,65.0,33.0,32.0
267,63.0,38.0,79.0,134.0,96.0
268,61.0,47.0,8.0,235.0,16.0
269,39.0,281.0,67.0,93.0,62.0
270,11.0,60.0,159.0,99.0,74.0
271,13.0,41.0,132.0,154.0,50.0
272,89.0,65.0,117.0,203.0,69.0
273,5.0,178.0,102.0,55.0,172.0
274,133.0,100.0,45.0,106.0,133.0
275,48.0,177.0,9.0,35.0,25.0
276,15.0,154.0,59.0,28.0,44.0
277,131.0,140.0,148.0,37.0,236.0
278,56.0,204.0,64.0,29.0,220.0
279,70.0,201.0,83.0,14.0,139.0
280,83.0,5.0,58.0,56.0,69.0
281,5.0,78.0,100.0,44.0,68.0
282,56.0,76.0,54.0,25.0,337.0
283,50.0,81.0,10.0,15.0,141.0
284,10.0,115.0,119.0,45.0,67.0
285,66.0,49.0,2.0,174.0,100.0
286,204.0,37.0,173.0,63.0,52.0
287,89.0,71.0,12.0,105.0,10.0
288,194.0,243.0,64.0,159.0,717.0
289,51.0,64.0,64.0,141.0,46.0
290,30.0,18.0,12.0,16.0,187.0
291,46.0,7.0,74.0,58.0,49.0
292,36.0,46.0,61.0,161.0,4.0
293,78.0,41.0,49.0,100.0,46.0
294,27.0,27.0,133.0,130.0,41.0
295,31.0,44.0,74.0,121.0,45.0
296,92.0,67.0,57.0,75.0,5.0
297,34.0,24.0,178.0,170.0,49.0
298,49.0,157.0,154.0,150.0,41.0
299,75.0,231.0,13.0,106.0,11.0
300,123.0,194.0,107.0,50.0,60.0
301,72.0,77.0,53.0,64.0,54.0
302,140.0,253.0,56.0,120.0,3.0
303,103.0,55.0,57.0,143.0,68.0
304,140.0,98.0,16.0,31.0,159.0
305,73.0,102.0,2.0,43.0,235.0
306,113.0,151.0,23.0,88.0,11.0
307,73.0,31.0,43.0,16.0,96.0
308,87.0,187.0,39.0,47.0,89.0
309,122.0,142.0,37.0,57.0,86.0
310,143.0,81.0,55.0,188.0,3.0
311,7.0,52.0,23.0,30.0,64.0
312,73.0,65.0,10.0,105.0,282.0
313,88.0,179.0,44.0,64.0,122.0
314,56.0,36.0,41.0,4.0,112.0
315,166.0,183.0,43.0,65.0,90.0
316,45.0,272.0,48.0,107.0,643.0
317,5.0,139.0,28.0,22.0,43.0
318,75.0,115.0,70.0,8.0,3.0
319,44.0,59.0,22.0,106.0,8.0
320,19.0,88.0,143.0,121.0,2.0
321,51.0,105.0,4.0,54.0,4.0
322,48.0,62.0,16.0,49.0,9.0
323,70.0,205.0,65.0,55.0,50.0
324,83.0,48.0,70.0,171.0,48.0
325,183.0,54.0,76.0,26.0,8.0
326,85.0,58.0,198.0,77.0,48.0
327,55.0,49.0,144.0,46.0,50.0
328,2.0,42.0,204.0,37.0,46.0
329,66.0,55.0,28.0,102.0,4.0
330,132.0,53.0,268.0,54.0,59.0
331,8.0,4.0,190.0,92.0,17.0
332,197.0,52.0,133.0,56.0,58.0
333,67.0,66.0,73.0,36.0,54.0
334,70.0,59.0,55.0,33.0,93.0
335,60.0,51.0,70.0,41.0,58.0
336,82.0,6.0,91.0,49.0,69.0
337,252.0,49.0,145.0,157.0,208.0
338,163.0,7.0,46.0,21.0,71.0
339,98.0,16.0,63.0,105.0,73.0
340,63.0,57.0,13.0,68.0,280.0
341,36.0,117.0,164.0,359.0,24.0
342,114.0,183.0,53.0,180.0,112.0
343,11.0,25.0,81.0,6.0,264.0
344,115.0,72.0,93.0,11.0,375.0
345,30.0,163.0,183.0,68.0,86.0
346,51.0,42.0,28.0,71.0,94.0
347,46.0,52.0,134.0,200.0,82.0
348,33.0,32.0,78.0,74.0,86.0
349,55.0,56.0,55.0,232.0,69.0
350,8.0,15.0,66.0,3.0,73.0
351,3.0,21.0,60.0,42.0,35.0
352,37.0,30.0,51.0,10.0,52.0
353,11.0,79.0,128.0,62.0,24.0
354,4.0,45.0,94.0,81.0,48.0
355,11.0,190.0,113.0,24.0,291.0
356,49.0,70.0,69.0,83.0,368.0
357,58.0,79.0,257.0,72.0,402.0
358,93.0,60.0,103.0,117.0,89.0
359,46.0,97.0,238.0,92.0,10.0
360,238.0,57.0,85.0,39.0,138.0
361,128.0,77.0,74.0,23.0,16.0
362,255.0,57.0,114.0,121.0,93.0
363,33.0,68.0,218.0,52.0,155.0
364,110.0,58.0,16.0,392.0,83.0
365,230.0,15.0,186.0,12.0,152.0
366,249.0,22.0,5.0,16.0,74.0
367,57.0,89.0,110.0,54.0,49.0
368,135.0,67.0,105.0,2.0,128.0
369,3.0,137.0,6.0,10.0,130.0
370,143.0,80.0,31.0,145.0,31.0
371,60.0,268.0,138.0,93.0,38.0
372,93.0,62.0,77.0,81.0,71.0
373,87.0,140.0,237.0,212.0,26.0
374,98.0,7.0,43.0,66.0,47.0
375,72.0,66.0,77.0,69.0,110.0
376,21.0,61.0,64.0,93.0,193.0
377,229.0,101.0,41.0,98.0,51.0
378,163.0,40.0,134.0,65.0,211.0
379,115.0,76.0,124.0,249.0,338.0
380,18.0,4.0,96.0,22.0,62.0
381,9.0,41.0,153.0,112.0,34.0
382,140.0,38.0,169.0,49.0,23.0
383,43.0,58.0,96.0,76.0,68.0
384,19.0,10.0,50.0,65.0,63.0
385,98.0,49.0,101.0,55.0,116.0
386,93.0,27.0,56.0,33.0,128.0
387,141.0,44.0,74.0,7.0,242.0
388,62.0,33.0,127.0,41.0,143.0
389,10.0,49.0,132.0,19.0,72.0
390,137.0,132.0,82.0,47.0,343.0
391,50.0,188.0,52.0,40.0,90.0
392,130.0,166.0,48.0,40.0,109.0
393,402.0,169.0,82.0,23.0,67.0
394,138.0,63.0,90.0,37.0,53.0
395,118.0,196.0,2.0,40.0,62.0
396,139.0,102.0,32.0,46.0,60.0
397,56.0,386.0,46.0,64.0,6.0
398,132.0,202.0,67.0,44.0,56.0
399,15.0,171.0,89.0,55.0,84.0
400,50.0,256.0,92.0,45.0,134.0
401,6.0,340.0,39.0,65.0,48.0
402,41.0,264.0,56.0,56.0,40.0
403,46.0,75.0,48.0,61.0,52.0
404,61.0,64.0,68.0,3.0,120.0
405,9.0,16.0,24.0,72.0,41.0
406,46.0,11.0,10.0,280.0,131.0
407,42.0,53.0,143.0,261.0,81.0
408,4.0,14.0,111.0,283.0,63.0
409,3.0,8.0,137.0,143.0,196.0
410,17.0,129.0,77.0,53.0,48.0
411,4.0,217.0,94.0,7.0,283.0
412,50.0,54.0,158.0,143.0,203.0
413,42.0,183.0,72.0,380.0,251.0
414,41.0,81.0,77.0,199.0,85.0
415,60.0,144.0,57.0,119.0,78.0
416,54.0,52.0,229.0,74.0,49.0
417,45.0,78.0,128.0,109.0,51.0
418,53.0,6.0,184.0,4.0,51.0
419,24.0,136.0,146.0,31.0,16.0
420,65.0,206.0,56.0,111.0,9.0
421,63.0,215.0,56.0,44.0,4.0
422,194.0,193.0,4.0,168.0,115.0
423,298.0,182.0,7.0,201.0,123.0
424,354.0,167.0,8.0,11.0,137.0
425,117.0,109.0,54.0,4.0,89.0
426,93.0,47.0,51.0,15.0,23.0
427,191.0,63.0,44.0,51.0,104.0
428,81.0,50.0,100.0,48.0,126.0
429,84.0,65.0,152.0,99.0,298.0
430,52.0,93.0,167.0,118.0,9.0
431,88.0,49.0,75.0,160.0,101.0
432,260.0,69.0,178.0,124.0,320.0
433,69.0,5.0,169.0,76.0,29.0
434,396.0,149.0,169.0,318.0,26.0
435,100.0,166.0,111.0,32.0,13.0
436,101.0,20.0,50.0,210.0,147.0
437,471.0,55.0,117.0,95.0,265.0
438,151.0,54.0,129.0,104.0,12.0
439,199.0,168.0,157.0,104.0,68.0
440,43.0,20.0,175.0,267.0,68.0
441,60.0,49.0,117.0,43.0,59.0
442,7.0,15.0,155.0,100.0,34.0
443,118.0,48.0,61.0,230.0,4.0
444,199.0,162.0,87.0,56.0,62.0
445,73.0,298.0,65.0,54.0,5.0
446,5.0,54.0,26.0,18.0,52.0
447,20.0,72.0,203.0,47.0,55.0
448,58.0,6.0,143.0,43.0,174.0
449,5.0,244.0,131.0,15.0,46.0
450,4.0,86.0,101.0,23.0,59.0
451,10.0,192.0,33.0,13.0,113.0
452,50.0,119.0,105.0,57.0,138.0
453,16.0,231.0,54.0,121.0,87.0
454,50.0,15.0,148.0,24.0,57.0
455,65.0,44.0,204.0,323.0,75.0
456,107.0,302.0,117.0,32.0,57.0
457,216.0,16.0,90.0,63.0,226.0
458,348.0,8.0,118.0,103.0,439.0
459,44.0,167.0,62.0,214.0,206.0
460,3.0,108.0,4.0,40.0,55.0
461,63.0,110.0,68.0,5.0,77.0
462,46.0,19.0,82.0,70.0,136.0
463,57.0,63.0,36.0,50.0,167.0
464,52.0,31.0,20.0,183.0,104.0
465,48.0,93.0,132.0,231.0,81.0
466,64.0,55.0,53.0,44.0,128.0
467,62.0,56.0,46.0,20.0,50.0
468,62.0,51.0,103.0,165.0,99.0
469,45.0,51.0,42.0,168.0,211.0
470,84.0,66.0,12.0,19.0,129.0
471,421.0,2.0,46.0,33.0,52.0
472,73.0,17.0,33.0,48.0,86.0
473,26.0,2.0,70.0,56.0,56.0
474,53.0,9.0,77.0,74.0,42.0
475,248.0,56.0,66.0,20.0,54.0
476,181.0,65.0,37.0,83.0,134.0
477,70.0,8.0,105.0,281.0,48.0
478,230.0,59.0,203.0,128.0,151.0
479,24.0,3.0,64.0,289.0,89.0
480,21.0,10.0,3.0,63.0,43.0
481,72.0,80.0,216.0,195.0,44.0
482,315.0,452.0,321.0,34.0,3.0
483,217.0,324.0,236.0,261.0,775.0
484,51.0,98.0,38.0,10.0,148.0
485,43.0,7.0,185.0,192.0,92.0
486,42.0,56.0,69.0,169.0,165.0
487,45.0,5.0,233.0,100.0,273.0
488,34.0,48.0,26.0,84.0,204.0
489,40.0,57.0,78.0,71.0,62.0
490,41.0,25.0,173.0,55.0,97.0
491,41.0,55.0,140.0,52.0,124.0
492,10.0,44.0,64.0,23.0,53.0
493,42.0,58.0,51.0,32.0,64.0
494,45.0,57.0,86.0,61.0,65.0
495,3.0,232.0,139.0,71.0,71.0
496,5.0,56.0,79.0,36.0,8.0
497,52.0,61.0,17.0,58.0,48.0
498,5.0,4.0,39.0,39.0,31.0
499,39.0,53.0,102.0,4.0,148.0
500,48.0,16.0,126.0,3.0,30.0
501,54.0,53.0,75.0,14.0,30.0
502,65.0,2.0,330.0,3.0,74.0
503,56.0,617.0,38.0,114.0,100.0
504,54.0,52.0,51.0,209.0,272.0
505,60.0,133.0,50.0,93.0,94.0
506,829.0,73.0,11.0,56.0,156.0
507,44.0,674.0,7.0,112.0,100.0
508,3.0,80.0,160.0,78.0,19.0
509,47.0,61.0,6.0,232.0,53.0
510,11.0,417.0,156.0,79.0,189.0
511,3.0,445.0,235.0,58.0,11.0
512,52.0,291.0,71.0,64.0,49.0
513,50.0,44.0,94.0,63.0,374.0
514,3.0,58.0,297.0,408.0,71.0
515,66.0,82.0,58.0,170.0,329.0
516,35.0,22.0,170.0,66.0,68.0
517,58.0,110.0,100.0,21.0,169.0
518,53.0,170.0,106.0,59.0,10.0
519,255.0,44.0,172.0,166.0,52.0
520,104.0,253.0,190.0,459.0,35.0
521,97.0,60.0,91.0,111.0,255.0
522,48.0,75.0,48.0,27.0,90.0
523,144.0,84.0,158.0,170.0,179.0
524,168.0,52.0,128.0,35.0,15.0
525,24.0,50.0,108.0,38.0,10.0
526,61.0,240.0,273.0,52.0,76.0
527,287.0,52.0,97.0,47.0,12.0
528,152.0,235.0,120.0,2.0,136.0
529,7.0,104.0,5.0,37.0,33.0
530,86.0,25.0,132.0,19.0,185.0
531,77.0,61.0,106.0,8.0,260.0
532,19.0,324.0,274.0,232.0,61.0
533,103.0,296.0,53.0,150.0,56.0
534,51.0,71.0,170.0,176.0,245.0
535,89.0,118.0,205.0,21.0,155.0
536,82.0,169.0,3.0,40.0,85.0
537,153.0,87.0,78.0,167.0,53.0
538,286.0,259.0,150.0,149.0,107.0
539,163.0,204.0,69.0,63.0,181.0
540,94.0,46.0,184.0,47.0,138.0
541,3.0,122.0,278.0,46.0,193.0
542,81.0,105.0,15.0,3.0,94.0
543,47.0,61.0,44.0,63.0,151.0
544,78.0,147.0,7.0,60.0,149.0
545,50.0,166.0,57.0,62.0,216.0
546,64.0,52.0,8.0,58.0,60.0
547,50.0,76.0,50.0,73.0,11.0
548,49.0,5.0,16.0,64.0,249.0
549,2.0,131.0,58.0,66.0,49.0
550,58.0,71.0,74.0,44.0,64.0
551,4.0,14.0,21.0,59.0,37.0
552,5.0,29.0,121.0,49.0,60.0
553,45.0,149.0,7.0,224.0,179.0
554,54.0,14.0,38.0,403.0,148.0
555,45.0,228.0,42.0,5.0,85.0
556,3.0,250.0,143.0,234.0,313.0
557,49.0,52.0,171.0,67.0,54.0
558,45.0,54.0,195.0,81.0,40.0
559,62.0,228.0,88.0,513.0,51.0
560,59.0,102.0,242.0,122.0,4.0
561,60.0,35.0,74.0,49.0,3.0
562,53.0,137.0,245.0,5.0,52.0
563,56.0,367.0,510.0,48.0,56.0
564,671.0,50.0,13.0,208.0,45.0
565,166.0,62.0,113.0,76.0,56.0
566,158.0,166.0,182.0,11.0,72.0
567,97.0,11.0,17.0,220.0,293.0
568,195.0,436.0,71.0,48.0,395.0
569,51.0,93.0,403.0,39.0,398.0
570,62.0,88.0,96.0,383.0,22.0
571,170.0,196.0,29.0,36.0,160.0
572,34.0,87.0,12.0,59.0,35.0
573,28.0,87.0,246.0,10.0,51.0
574,146.0,49.0,79.0,3.0,172.0
575,214.0,26.0,105.0,65.0,65.0
576,214.0,117.0,73.0,429.0,128.0
577,185.0,48.0,59.0,95.0,58.0
578,47.0,95.0,3.0,65.0,91.0
579,2.0,94.0,125.0,67.0,72.0
580,54.0,74.0,100.0,105.0,5.0
581,369.0,26.0,92.0,108.0,110.0
582,119.0,55.0,61.0,98.0,137.0
583,58.0,191.0,61.0,144.0,3.0
584,68.0,54.0,54.0,52.0,78.0
585,192.0,10.0,53.0,9.0,42.0
586,141.0,80.0,150.0,125.0,15.0
587,14.0,32.0,234.0,36.0,178.0
588,282.0,198.0,268.0,129.0,67.0
589,288.0,104.0,25.0,99.0,484.0
590,143.0,167.0,218.0,109.0,61.0
591,10.0,57.0,248.0,14.0,210.0
592,104.0,63.0,12.0,42.0,191.0
593,28.0,296.0,14.0,68.0,77.0
594,198.0,90.0,10.0,86.0,161.0
595,38.0,404.0,44.0,96.0,150.0
596,51.0,43.0,171.0,15.0,67.0
597,42.0,48.0,51.0,77.0,31.0
598,93.0,55.0,43.0,142.0,253.0
599,145.0,79.0,25.0,94.0,80.0
600,71.0,67.0,44.0,340.0,63.0
601,12.0,75.0,8.0,19.0,105.0
602,9.0,105.0,41.0,16.0,60.0
603,10.0,271.0,39.0,261.0,89.0
604,29.0,80.0,9.0,268.0,58.0
605,50.0,108.0,64.0,106.0,188.0
606,53.0,107.0,308.0,43.0,215.0
607,185.0,67.0,187.0,80.0,61.0
608,249.0,128.0,109.0,65.0,86.0
609,647.0,219.0,132.0,179.0,229.0
610,48.0,145.0,167.0,383.0,273.0
611,56.0,121.0,46.0,196.0,237.0
612,13.0,6.0,40.0,13.0,157.0
613,8.0,77.0,9.0,110.0,24.0
614,57.0,135.0,54.0,104.0,48.0
615,4.0,69.0,41.0,88.0,72.0
616,62.0,11.0,56.0,152.0,5.0
617,69.0,28.0,45.0,51.0,138.0
618,22.0,17.0,49.0,37.0,68.0
619,42.0,40.0,6.0,31.0,104.0
620,9.0,24.0,52.0,364.0,7.0
621,108.0,46.0,57.0,54.0,52.0
622,80.0,49.0,65.0,173.0,72.0
623,267.0,5.0,78.0,116.0,108.0
624,33.0,53.0,740.0,272.0,167.0
625,241.0,9.0,218.0,15.0,150.0
626,183.0,359.0,61.0,102.0,122.0
627,16.0,72.0,338.0,19.0,104.0
628,606.0,143.0,115.0,104.0,256.0
629,75.0,292.0,80.0,441.0,169.0
630,149.0,402.0,218.0,61.0,39.0
631,81.0,10.0,413.0,216.0,208.0
632,70.0,351.0,72.0,112.0,138.0
633,64.0,30.0,67.0,72.0,56.0
634,84.0,188.0,395.0,100.0,132.0
635,5.0,576.0,212.0,65.0,30.0
636,50.0,76.0,46.0,166.0,61.0
637,4.0,33.0,201.0,155.0,62.0
638,70.0,150.0,82.0,70.0,143.0
639,60.0,11.0,27.0,94.0,127.0
640,61.0,83.0,9.0,115.0,10.0
641,32.0,16.0,109.0,19.0,146.0
642,50.0,29.0,8.0,16.0,265.0
643,148.0,224.0,370.0,80.0,37.0
644,65.0,192.0,70.0,27.0,64.0
645,50.0,46.0,189.0,122.0,64.0
646,47.0,6.0,63.0,43.0,50.0
647,63.0,161.0,52.0,113.0,4.0
648,69.0,82.0,50.0,127.0,55.0
649,127.0,71.0,51.0,69.0,7.0
650,144.0,152.0,4.0,252.0,448.0
651,212.0,102.0,46.0,152.0,51.0
652,276.0,134.0,566.0,280.0,52.0
653,67.0,40.0,60.0,125.0,46.0
654,150.0,93.0,56.0,61.0,50.0
655,111.0,260.0,457.0,135.0,51.0
656,41.0,59.0,94.0,237.0,48.0
657,537.0,72.0,86.0,336.0,55.0
658,163.0,102.0,41.0,106.0,11.0
659,135.0,73.0,23.0,68.0,424.0
660,42.0,100.0,197.0,88.0,253.0
661,7.0,62.0,20.0,74.0,215.0
662,93.0,146.0,16.0,78.0,60.0
663,64.0,11.0,24.0,12.0,191.0
664,184.0,32.0,21.0,111.0,194.0
665,230.0,72.0,49.0,49.0,44.0
666,44.0,306.0,9.0,15.0,69.0
667,67.0,113.0,61.0,170.0,59.0
668,367.0,199.0,28.0,35.0,19.0
669,71.0,78.0,64.0,121.0,102.0
670,12.0,325.0,50.0,121.0,164.0
671,58.0,242.0,281.0,213.0,264.0
672,57.0,101.0,250.0,156.0,61.0
673,209.0,142.0,288.0,174.0,264.0
674,12.0,536.0,61.0,218.0,143.0
675,107.0,225.0,46.0,51.0,136.0
676,301.0,61.0,95.0,232.0,92.0
677,3.0,62.0,6.0,270.0,67.0
678,64.0,35.0,162.0,83.0,180.0
679,220.0,121.0,42.0,163.0,297.0
680,277.0,66.0,12.0,153.0,73.0
681,184.0,20.0,68.0,93.0,231.0
682,57.0,56.0,231.0,22.0,109.0
683,142.0,73.0,152.0,61.0,183.0
684,126.0,99.0,36.0,35.0,174.0
685,5.0,73.0,60.0,52.0,48.0
686,175.0,64.0,153.0,40.0,22.0
687,101.0,28.0,237.0,8.0,121.0
688,64.0,64.0,134.0,55.0,160.0
689,74.0,180.0,253.0,53.0,48.0
690,59.0,58.0,106.0,50.0,217.0
691,100.0,105.0,226.0,53.0,50.0
692,595.0,112.0,48.0,68.0,1000.0
693,56.0,55.0,3.0,64.0,95.0
694,64.0,57.0,45.0,212.0,90.0
695,52.0,220.0,5.0,109.0,79.0
696,64.0,239.0,53.0,412.0,77.0
697,3.0,655.0,49.0,380.0,104.0
698,135.0,102.0,4.0,13.0,97.0
699,129.0,177.0,63.0,215.0,62.0
700,62.0,281.0,777.0,422.0,88.0
701,105.0,100.0,59.0,116.0,50.0
702,31.0,131.0,237.0,37.0,39.0
703,164.0,25.0,82.0,72.0,9.0
704,204.0,65.0,190.0,48.0,28.0
705,77.0,178.0,108.0,65.0,61.0
706,89.0,45.0,141.0,11.0,66.0
707,68.0,53.0,54.0,46.0,166.0
708,445.0,47.0,64.0,229.0,100.0
709,83.0,5.0,185.0,96.0,277.0
710,384.0,8.0,92.0,55.0,90.0
711,110.0,44.0,61.0,15.0,205.0
712,6.0,8.0,49.0,67.0,94.0
713,5.0,58.0,206.0,145.0,19.0
714,53.0,33.0,78.0,115.0,8.0
715,3.0,45.0,83.0,59.0,336.0
716,5.0,145.0,25.0,14.0,133.0
717,48.0,172.0,93.0,149.0,6.0
718,23.0,245.0,10.0,224.0,327.0
719,4.0,139.0,77.0,98.0,169.0
720,75.0,4.0,192.0,16.0,114.0
721,110.0,118.0,240.0,69.0,125.0
722,116.0,62.0,86.0,83.0,9.0
723,124.0,84.0,206.0,65.0,138.0
724,90.0,129.0,38.0,74.0,318.0
725,27.0,136.0,91.0,150.0,118.0
726,64.0,47.0,29.0,158.0,245.0
727,179.0,166.0,4.0,58.0,381.0
728,563.0,14.0,44.0,109.0,78.0
729,85.0,18.0,200.0,70.0,11.0
730,48.0,58.0,179.0,59.0,52.0
731,71.0,56.0,83.0,420.0,201.0
732,362.0,73.0,63.0,59.0,213.0
733,62.0,216.0,64.0,7.0,108.0
734,151.0,264.0,113.0,29.0,214.0
735,59.0,159.0,164.0,574.0,241.0
736,169.0,88.0,166.0,332.0,31.0
737,66.0,621.0,193.0,83.0,302.0
738,104.0,117.0,7.0,69.0,226.0
739,178.0,262.0,342.0,200.0,64.0
740,45.0,85.0,68.0,202.0,62.0
741,4.0,4.0,78.0,10.0,35.0
742,79.0,116.0,113.0,24.0,213.0
743,15.0,177.0,168.0,50.0,247.0
744,15.0,58.0,69.0,3.0,125.0
745,71.0,67.0,7.0,48.0,4.0
746,123.0,87.0,180.0,32.0,11.0
747,309.0,238.0,143.0,52.0,157.0
748,102.0,108.0,191.0,53.0,146.0
749,80.0,91.0,41.0,40.0,178.0
750,437.0,54.0,58.0,5.0,47.0
751,151.0,40.0,321.0,51.0,49.0
752,194.0,80.0,65.0,50.0,272.0
753,299.0,74.0,156.0,49.0,93.0
754,344.0,274.0,7.0,10.0,281.0
755,31.0,14.0,53.0,98.0,220.0
756,57.0,32.0,44.0,38.0,122.0
757,51.0,64.0,5.0,722.0,47.0
758,177.0,118.0,51.0,217.0,242.0
759,214.0,146.0,13.0,73.0,72.0
760,129.0,396.0,44.0,96.0,64.0
761,131.0,151.0,47.0,44.0,38.0
762,92.0,224.0,54.0,98.0,184.0
763,78.0,447.0,59.0,53.0,4.0
764,25.0,57.0,391.0,50.0,134.0
765,18.0,139.0,74.0,63.0,9.0
766,120.0,76.0,49.0,11.0,92.0
767,157.0,279.0,45.0,24.0,110.0
768,62.0,4.0,4.0,4.0,11.0
769,64.0,37.0,3.0,57.0,234.0
770,3.0,58.0,61.0,7.0,387.0
771,48.0,138.0,55.0,23.0,95.0
772,8.0,197.0,52.0,86.0,649.0
773,25.0,5.0,62.0,91.0,165.0
774,9.0,43.0,38.0,27.0,81.0
775,9.0,60.0,813.0,331.0,97.0
776,2.0,75.0,92.0,78.0,575.0
777,185.0,75.0,77.0,45.0,324.0
778,145.0,46.0,42.0,123.0,555.0
779,62.0,49.0,106.0,348.0,67.0
780,267.0,20.0,59.0,4.0,61.0
781,285.0,76.0,173.0,58.0,182.0
782,35.0,12.0,84.0,129.0,115.0
783,59.0,264.0,83.0,89.0,131.0
784,98.0,506.0,48.0,34.0,390.0
785,60.0,70.0,47.0,162.0,51.0
786,13.0,5.0,73.0,135.0,115.0
787,201.0,127.0,296.0,31.0,151.0
788,161.0,125.0,64.0,138.0,48.0
789,229.0,69.0,392.0,401.0,32.0
790,32.0,72.0,168.0,44.0,194.0
791,312.0,387.0,49.0,12.0,70.0
792,256.0,282.0,191.0,15.0,62.0
793,370.0,44.0,134.0,7.0,72.0
794,82.0,162.0,28.0,48.0,573.0
795,78.0,248.0,369.0,37.0,173.0
796,111.0,199.0,223.0,98.0,227.0
797,314.0,71.0,229.0,4.0,15.0
798,226.0,667.0,5.0,12.0,243.0
799,43.0,79.0,4.0,100.0,70.0
800,42.0,11.0,4.0,75.0,310.0
801,11.0,91.0,747.0,70.0,198.0
802,33.0,71.0,68.0,379.0,117.0
803,14.0,167.0,59.0,522.0,154.0
804,4.0,224.0,32.0,48.0,76.0
805,19.0,87.0,179.0,69.0,10.0
806,44.0,91.0,138.0,103.0,276.0
807,6.0,35.0,69.0,591.0,207.0
808,134.0,106.0,130.0,11.0,103.0
809,60.0,83.0,231.0,5.0,138.0
810,53.0,49.0,93.0,43.0,134.0
811,73.0,269.0,137.0,6.0,55.0
812,83.0,103.0,94.0,43.0,10.0
813,379.0,92.0,132.0,5.0,75.0
814,74.0,50.0,128.0,82.0,127.0
815,717.0,24.0,79.0,17.0,120.0
816,19.0,398.0,64.0,3.0,35.0
817,83.0,329.0,179.0,48.0,176.0
818,45.0,52.0,118.0,31.0,74.0
819,17.0,14.0,93.0,224.0,47.0
820,27.0,215.0,161.0,146.0,119.0
821,60.0,139.0,66.0,46.0,207.0
822,6.0,201.0,100.0,46.0,136.0
823,53.0,27.0,58.0,178.0,10.0
824,61.0,233.0,70.0,206.0,170.0
825,261.0,54.0,60.0,46.0,95.0
826,105.0,48.0,127.0,140.0,182.0
827,172.0,90.0,68.0,295.0,59.0
828,129.0,259.0,251.0,51.0,54.0
829,249.0,138.0,88.0,61.0,89.0
830,390.0,7.0,118.0,69.0,60.0
831,42.0,51.0,136.0,137.0,4.0
832,138.0,132.0,50.0,63.0,5.0
833,439.0,183.0,37.0,208.0,108.0
834,364.0,525.0,178.0,93.0,5.0
835,86.0,56.0,52.0,81.0,172.0
836,62.0,345.0,212.0,206.0,49.0
837,72.0,155.0,662.0,198.0,866.0
838,57.0,213.0,181.0,10.0,317.0
839,9.0,37.0,180.0,168.0,54.0
840,63.0,96.0,120.0,10.0,56.0
841,59.0,72.0,42.0,848.0,170.0
842,156.0,79.0,79.0,4.0,2.0
843,21.0,357.0,5.0,190.0,49.0
844,7.0,141.0,186.0,104.0,29.0
845,83.0,53.0,55.0,59.0,7.0
846,196.0,4.0,65.0,52.0,43.0
847,87.0,76.0,71.0,83.0,61.0
848,244.0,64.0,57.0,4.0,57.0
849,50.0,47.0,514.0,40.0,2.0
850,82.0,48.0,60.0,8.0,57.0
851,302.0,10.0,133.0,231.0,12.0
852,37.0,49.0,350.0,79.0,3.0
853,292.0,42.0,58.0,64.0,831.0
854,42.0,48.0,159.0,48.0,106.0
855,59.0,2.0,37.0,66.0,91.0
856,95.0,42.0,125.0,52.0,71.0
857,201.0,44.0,140.0,67.0,72.0
858,74.0,48.0,52.0,57.0,596.0
859,7.0,46.0,61.0,67.0,40.0
860,96.0,53.0,21.0,55.0,72.0
861,70.0,3.0,46.0,232.0,68.0
862,431.0,50.0,61.0,711.0,57.0
863,109.0,48.0,3.0,51.0,208.0
864,234.0,58.0,50.0,58.0,50.0
865,136.0,71.0,34.0,18.0,943.0
866,56.0,6.0,496.0,132.0,613.0
867,640.0,716.0,330.0,178.0,32.0
868,37.0,458.0,58.0,252.0,131.0
869,186.0,81.0,95.0,526.0,282.0
870,42.0,60.0,62.0,56.0,296.0
871,15.0,210.0,13.0,16.0,99.0
872,41.0,45.0,78.0,45.0,229.0
873,29.0,545.0,95.0,46.0,31.0
874,39.0,93.0,652.0,49.0,214.0
875,47.0,63.0,51.0,49.0,16.0
876,76.0,474.0,3.0,5.0,59.0
877,96.0,67.0,185.0,52.0,8.0
878,31.0,70.0,87.0,56.0,523.0
879,59.0,55.0,68.0,55.0,246.0
880,3.0,51.0,4.0,55.0,68.0
881,32.0,54.0,93.0,748.0,57.0
882,50.0,53.0,136.0,454.0,63.0
883,217.0,61.0,159.0,59.0,565.0
884,71.0,2.0,8.0,30.0,78.0
885,56.0,8.0,318.0,51.0,191.0
886,11.0,4.0,75.0,16.0,50.0
887,50.0,69.0,136.0,83.0,29.0
888,4.0,409.0,54.0,39.0,79.0
889,30.0,188.0,138.0,43.0,62.0
890,47.0,47.0,210.0,78.0,52.0
891,48.0,381.0,483.0,4.0,39.0
892,51.0,82.0,43.0,49.0,53.0
893,55.0,181.0,185.0,4.0,4.0
894,6.0,3.0,36.0,235.0,56.0
895,62.0,299.0,250.0,76.0,59.0
896,71.0,100.0,139.0,7.0,57.0
897,111.0,25.0,341.0,166.0,99.0
898,76.0,111.0,72.0,61.0,61.0
899,59.0,445.0,82.0,61.0,78.0
900,684.0,24.0,50.0,74.0,125.0
901,88.0,38.0,101.0,4.0,1000.0
902,197.0,145.0,4.0,52.0,1000.0
903,43.0,337.0,60.0,6.0,182.0
904,53.0,138.0,69.0,3.0,67.0
905,135.0,7.0,8.0,48.0,1000.0
906,56.0,32.0,118.0,58.0,242.0
907,50.0,117.0,139.0,83.0,355.0
908,69.0,112.0,619.0,238.0,85.0
909,53.0,70.0,269.0,258.0,118.0
910,8.0,61.0,46.0,29.0,221.0
911,627.0,55.0,411.0,61.0,114.0
912,15.0,77.0,23.0,47.0,479.0
913,1000.0,59.0,56.0,476.0,5.0
914,453.0,101.0,52.0,6.0,195.0
915,325.0,505.0,53.0,77.0,111.0
916,76.0,388.0,74.0,40.0,249.0
917,152.0,165.0,34.0,871.0,14.0
918,76.0,48.0,69.0,146.0,79.0
919,11.0,48.0,12.0,134.0,367.0
920,71.0,81.0,61.0,268.0,96.0
921,209.0,45.0,338.0,219.0,392.0
922,16.0,285.0,40.0,69.0,58.0
923,73.0,55.0,36.0,175.0,821.0
924,152.0,71.0,100.0,513.0,177.0
925,57.0,355.0,347.0,89.0,48.0
926,32.0,98.0,5.0,162.0,202.0
927,88.0,69.0,67.0,118.0,1000.0
928,71.0,129.0,71.0,86.0,1000.0
929,37.0,298.0,143.0,45.0,1000.0
930,15.0,48.0,92.0,259.0,1000.0
931,105.0,244.0,66.0,22.0,1000.0
932,34.0,53.0,55.0,95.0,982.0
933,175.0,63.0,45.0,279.0,428.0
934,99.0,182.0,15.0,178.0,399.0
935,103.0,146.0,12.0,3.0,80.0
936,51.0,70.0,54.0,64.0,63.0
937,16.0,61.0,84.0,2.0,71.0
938,63.0,49.0,53.0,154.0,59.0
939,64.0,75.0,5.0,5.0,78.0
940,58.0,355.0,70.0,59.0,63.0
941,76.0,322.0,730.0,3.0,59.0
942,239.0,48.0,166.0,54.0,63.0
943,736.0,736.0,70.0,49.0,69.0
944,97.0,448.0,49.0,46.0,81.0
945,392.0,35.0,56.0,85.0,1000.0
946,54.0,23.0,7.0,52.0,458.0
947,273.0,25.0,13.0,46.0,1000.0
948,102.0,306.0,62.0,3.0,1000.0
949,145.0,159.0,59.0,53.0,1000.0
950,38.0,222.0,7.0,79.0,1000.0
951,260.0,67.0,103.0,743.0,1000.0
952,200.0,126.0,261.0,637.0,1000.0
953,141.0,88.0,55.0,126.0,1000.0
954,328.0,50.0,211.0,35.0,1000.0
955,266.0,26.0,241.0,116.0,1000.0
956,169.0,124.0,204.0,37.0,1000.0
957,92.0,55.0,91.0,78.0,1000.0
958,34.0,31.0,153.0,340.0,1000.0
959,22.0,89.0,363.0,197.0,1000.0
960,31.0,71.0,23.0,37.0,1000.0
961,76.0,37.0,101.0,269.0,1000.0
962,7.0,96.0,303.0,98.0,1000.0
963,29.0,22.0,87.0,329.0,1000.0
964,33.0,45.0,285.0,34.0,1000.0
965,101.0,55.0,20.0,64.0,1000.0
966,69.0,59.0,67.0,41.0,1000.0
967,62.0,57.0,76.0,53.0,1000.0
968,6.0,47.0,54.0,203.0,1000.0
969,349.0,85.0,65.0,67.0,1000.0
970,19.0,64.0,302.0,100.0,1000.0
971,164.0,204.0,70.0,4.0,1000.0
972,109.0,690.0,190.0,70.0,1000.0
973,39.0,163.0,145.0,75.0,1000.0
974,66.0,405.0,66.0,306.0,1000.0
975,44.0,475.0,74.0,42.0,1000.0
976,54.0,82.0,64.0,99.0,1000.0
977,58.0,237.0,64.0,26.0,1000.0
978,6.0,101.0,1000.0,196.0,1000.0
979,66.0,85.0,50.0,99.0,1000.0
980,98.0,184.0,209.0,67.0,1000.0
981,72.0,10.0,11.0,145.0,1000.0
982,59.0,42.0,198.0,48.0,1000.0
983,500.0,148.0,18.0,6.0,1000.0
984,61.0,66.0,27.0,100.0,1000.0
985,47.0,37.0,15.0,49.0,1000.0
986,368.0,128.0,12.0,62.0,1000.0
987,68.0,55.0,38.0,69.0,1000.0
988,26.0,105.0,10.0,100.0,1000.0
989,13.0,35.0,593.0,61.0,1000.0
990,76.0,54.0,90.0,75.0,1000.0
991,965.0,260.0,104.0,406.0,1000.0
992,111.0,64.0,37.0,563.0,1000.0
993,60.0,107.0,196.0,12.0,1000.0
994,147.0,19.0,17.0,304.0,1000.0
995,65.0,107.0,6.0,325.0,1000.0
996,78.0,3.0,55.0,54.0,1000.0
997,37.0,581.0,572.0,28.0,1000.0
998,170.0,85.0,20.0,147.0,1000.0
999,372.0,22.0,439.0,167.0,1000.0
1000,81.0,66.0,89.0,12.0,1000.0
1001,136.0,102.0,68.0,74.0,1000.0
1002,48.0,86.0,305.0,34.0,1000.0
1003,141.0,56.0,78.0,104.0,1000.0
1004,47.0,230.0,131.0,342.0,1000.0
1005,44.0,70.0,68.0,10.0,1000.0
1006,388.0,171.0,69.0,115.0,1000.0
1007,217.0,539.0,40.0,63.0,1000.0
1008,146.0,508.0,79.0,380.0,1000.0
1009,45.0,52.0,202.0,399.0,1000.0
1010,319.0,48.0,21.0,161.0,1000.0
1011,176.0,48.0,39.0,83.0,1000.0
1012,52.0,281.0,3.0,143.0,1000.0
1013,9.0,54.0,81.0,172.0,1000.0
1014,53.0,378.0,10.0,63.0,1000.0
1015,5.0,61.0,383.0,41.0,1000.0
1016,57.0,10.0,70.0,43.0,1000.0
1017,67.0,82.0,79.0,120.0,1000.0
1018,37.0,320.0,30.0,133.0,1000.0
1019,72.0,83.0,74.0,39.0,1000.0
1020,190.0,156.0,236.0,65.0,1000.0
1021,37.0,45.0,44.0,81.0,61.0
1022,249.0,1000.0,176.0,232.0,63.0
1023,121.0,64.0,30.0,65.0,61.0
1024,8.0,103.0,71.0,73.0,55.0
1025,23.0,31.0,259.0,599.0,77.0
1026,261.0,59.0,51.0,79.0,68.0
1027,793.0,54.0,272.0,198.0,77.0
1028,52.0,75.0,440.0,107.0,1000.0
1029,125.0,59.0,67.0,34.0,1000.0
1030,57.0,65.0,75.0,232.0,1000.0
1031,22.0,9.0,36.0,82.0,1000.0
1032,19.0,441.0,122.0,199.0,1000.0
1033,78.0,69.0,167.0,106.0,1000.0
1034,84.0,242.0,11.0,16.0,1000.0
1035,139.0,696.0,67.0,64.0,1000.0
1036,106.0,23.0,313.0,134.0,1000.0
1037,35.0,240.0,98.0,86.0,1000.0
1038,53.0,76.0,4.0,83.0,1000.0
1039,43.0,66.0,8.0,224.0,1000.0
1040,585.0,6.0,353.0,121.0,1000.0
1041,275.0,273.0,418.0,81.0,1000.0
1042,12.0,394.0,606.0,274.0,1000.0
1043,217.0,95.0,177.0,11.0,1000.0
1044,111.0,196.0,177.0,327.0,1000.0
1045,64.0,455.0,5.0,240.0,1000.0
1046,130.0,313.0,4.0,49.0,1000.0
1047,61.0,71.0,30.0,125.0,1000.0
1048,110.0,4.0,67.0,71.0,1000.0
1049,78.0,302.0,5.0,220.0,1000.0
1050,25.0,293.0,58.0,219.0,1000.0
1051,196.0,148.0,42.0,397.0,1000.0
1052,64.0,65.0,34.0,37.0,1000.0
1053,9.0,48.0,118.0,34.0,1000.0
1054,40.0,328.0,145.0,221.0,1000.0
1055,117.0,121.0,71.0,43.0,1000.0
1056,24.0,457.0,88.0,198.0,1000.0
1057,258.0,70.0,85.0,67.0,1000.0
1058,362.0,27.0,137.0,65.0,1000.0
1059,35.0,52.0,208.0,31.0,1000.0
1060,47.0,97.0,204.0,209.0,1000.0
1061,150.0,104.0,395.0,96.0,1000.0
1062,147.0,59.0,86.0,6.0,1000.0
1063,13.0,4.0,303.0,39.0,1000.0
1064,78.0,75.0,63.0,39.0,1000.0
1065,17.0,122.0,7.0,105.0,1000.0
1066,71.0,72.0,107.0,116.0,1000.0
1067,64.0,388.0,5.0,269.0,1000.0
1068,125.0,9.0,67.0,489.0,1000.0
1069,7.0,117.0,61.0,390.0,1000.0
1070,53.0,58.0,65.0,16.0,66.0
1071,113.0,1000.0,3.0,519.0,84.0
1072,84.0,1000.0,11.0,213.0,1000.0
1073,71.0,27.0,199.0,126.0,1000.0
1074,579.0,47.0,125.0,325.0,69.0
1075,805.0,44.0,175.0,409.0,66.0
1076,194.0,191.0,58.0,73.0,79.0
1077,192.0,327.0,59.0,263.0,64.0
1078,30.0,8.0,166.0,20.0,1000.0
1079,459.0,311.0,462.0,64.0,1000.0
1080,178.0,30.0,297.0,33.0,1000.0
1081,3.0,4.0,28.0,66.0,1000.0
1082,72.0,165.0,498.0,40.0,1000.0
1083,138.0,38.0,288.0,92.0,1000.0
1084,3.0,49.0,340.0,713.0,1000.0
1085,160.0,95.0,62.0,713.0,1000.0
1086,45.0,70.0,61.0,167.0,1000.0
1087,20.0,44.0,26.0,77.0,1000.0
1088,35.0,105.0,91.0,84.0,1000.0
1089,25.0,97.0,74.0,213.0,1000.0
1090,12.0,40.0,181.0,8.0,1000.0
1091,57.0,76.0,574.0,9.0,1000.0
1092,35.0,848.0,152.0,29.0,1000.0
1093,24.0,33.0,92.0,19.0,1000.0
1094,202.0,639.0,108.0,100.0,1000.0
1095,73.0,1000.0,103.0,12.0,1000.0
1096,14.0,1000.0,151.0,24.0,61.0
1097,19.0,1000.0,290.0,27.0,63.0
1098,199.0,1000.0,90.0,23.0,62.0
1099,40.0,1000.0,183.0,70.0,63.0
1100,34.0,1000.0,112.0,5.0,67.0
1101,58.0,1000.0,89.0,62.0,64.0
1102,116.0,988.0,46.0,214.0,68.0
1103,5.0,61.0,254.0,117.0,86.0
1104,91.0,913.0,104.0,81.0,1000.0
1105,82.0,145.0,5.0,7.0,1000.0
1106,243.0,67.0,11.0,359.0,1000.0
1107,721.0,101.0,2.0,291.0,1000.0
1108,244.0,67.0,289.0,345.0,1000.0
1109,130.0,348.0,116.0,204.0,1000.0
1110,240.0,1000.0,297.0,174.0,1000.0
1111,218.0,838.0,82.0,107.0,1000.0
1112,70.0,1000.0,176.0,53.0,1000.0
1113,65.0,1000.0,281.0,221.0,1000.0
1114,454.0,1000.0,743.0,67.0,1000.0
1115,51.0,66.0,130.0,41.0,1000.0
1116,36.0,77.0,745.0,100.0,1000.0
1117,192.0,57.0,82.0,124.0,94.0
1118,18.0,61.0,487.0,68.0,1000.0
1119,94.0,63.0,112.0,68.0,1000.0
1120,134.0,55.0,3.0,68.0,1000.0
1121,4.0,61.0,64.0,43.0,515.0
1122,222.0,65.0,367.0,446.0,58.0
1123,65.0,74.0,127.0,83.0,55.0
1124,202.0,1000.0,124.0,590.0,57.0
1125,147.0,1000.0,257.0,202.0,59.0
1126,232.0,1000.0,73.0,307.0,61.0
1127,14.0,1000.0,66.0,52.0,61.0
1128,97.0,446.0,53.0,350.0,63.0
1129,75.0,447.0,32.0,36.0,75.0
1130,335.0,51.0,50.0,82.0,70.0
1131,14.0,66.0,77.0,9.0,65.0
1132,130.0,173.0,387.0,73.0,1000.0
1133,108.0,67.0,452.0,9.0,1000.0
1134,11.0,4.0,89.0,4.0,1000.0
1135,16.0,1000.0,81.0,120.0,529.0
1136,231.0,1000.0,68.0,5.0,56.0
1137,59.0,1000.0,572.0,941.0,57.0
1138,5.0,1000.0,37.0,262.0,56.0
1139,1000.0,971.0,83.0,81.0,57.0
1140,70.0,210.0,10.0,73.0,58.0
1141,340.0,182.0,54.0,72.0,55.0
1142,46.0,824.0,10.0,93.0,56.0
1143,141.0,62.0,6.0,421.0,58.0
1144,60.0,205.0,60.0,178.0,60.0
1145,59.0,81.0,4.0,22.0,60.0
1146,72.0,77.0,3.0,10.0,61.0
1147,35.0,1000.0,69.0,11.0,67.0
1148,11.0,1000.0,1000.0,209.0,73.0
1149,451.0,1000.0,416.0,207.0,1000.0
1150,560.0,1000.0,330.0,164.0,1000.0
1151,62.0,1000.0,840.0,329.0,1000.0
1152,66.0,988.0,3.0,71.0,1000.0
1153,69.0,497.0,145.0,53.0,1000.0
1154,52.0,1000.0,294.0,141.0,1000.0
1155,5.0,1000.0,687.0,737.0,1000.0
1156,64.0,1000.0,126.0,319.0,1000.0
1157,64.0,1000.0,57.0,385.0,1000.0
1158,8.0,1000.0,241.0,675.0,1000.0
1159,54.0,1000.0,41.0,769.0,1000.0
1160,397.0,1000.0,61.0,810.0,1000.0
1161,192.0,1000.0,42.0,606.0,65.0
1162,783.0,1000.0,237.0,13.0,66.0
1163,342.0,1000.0,1000.0,110.0,62.0
1164,8.0,78.0,1000.0,621.0,63.0
1165,850.0,75.0,1000.0,100.0,61.0
1166,331.0,58.0,1000.0,82.0,63.0
1167,43.0,67.0,1000.0,71.0,64.0
1168,43.0,72.0,1000.0,66.0,73.0
1169,30.0,69.0,227.0,749.0,93.0
1170,364.0,1000.0,1000.0,11.0,1000.0
1171,615.0,1000.0,1000.0,210.0,1000.0
1172,402.0,1000.0,1000.0,158.0,1000.0
1173,25.0,213.0,1000.0,324.0,1000.0
1174,57.0,247.0,277.0,80.0,1000.0
1175,692.0,1000.0,76.0,115.0,1000.0
1176,121.0,1000.0,1000.0,182.0,1000.0
1177,1000.0,1000.0,1000.0,959.0,1000.0
1178,163.0,1000.0,1000.0,374.0,1000.0
1179,218.0,1000.0,906.0,72.0,1000.0
1180,460.0,1000.0,1000.0,68.0,1000.0
1181,281.0,1000.0,1000.0,73.0,1000.0
1182,680.0,1000.0,1000.0,53.0,1000.0
1183,923.0,1000.0,1000.0,63.0,1000.0
1184,216.0,1000.0,1000.0,71.0,1000.0
1185,1000.0,1000.0,1000.0,1000.0,64.0
1186,1000.0,1000.0,1000.0,1000.0,62.0
1187,345.0,1000.0,1000.0,1000.0,59.0
1188,50.0,1000.0,1000.0,1000.0,61.0
1189,532.0,1000.0,1000.0,1000.0,59.0
1190,9.0,1000.0,1000.0,1000.0,60.0
1191,1000.0,1000.0,1000.0,1000.0,61.0
1192,428.0,1000.0,1000.0,1000.0,64.0
1193,124.0,1000.0,1000.0,1000.0,77.0
1194,1000.0,1000.0,1000.0,1000.0,683.0
1195,1000.0,1000.0,1000.0,1000.0,82.0
1196,1000.0,1000.0,1000.0,1000.0,74.0
1197,1000.0,1000.0,1000.0,1000.0,80.0
1198,1000.0,1000.0,1000.0,1000.0,70.0
1199,543.0,1000.0,1000.0,1000.0,73.0
1200,1000.0,1000.0,1000.0,1000.0,68.0
1201,1000.0,1000.0,1000.0,1000.0,69.0
1202,1000.0,1000.0,1000.0,1000.0,77.0
1203,1000.0,1000.0,1000.0,1000.0,92.0
1204,1000.0,1000.0,1000.0,1000.0,112.0
1205,1000.0,1000.0,1000.0,1000.0,1000.0
1206,1000.0,1000.0,1000.0,568.0,1000.0
1207,1000.0,1000.0,1000.0,1000.0,1000.0
1208,1000.0,1000.0,1000.0,1000.0,1000.0
1209,1000.0,1000.0,1000.0,1000.0,1000.0
1210,1000.0,1000.0,1000.0,1000.0,1000.0
1211,1000.0,1000.0,1000.0,1000.0,1000.0
1212,1000.0,1000.0,1000.0,1000.0,67.0
1213,1000.0,1000.0,1000.0,1000.0,65.0
1214,1000.0,1000.0,1000.0,1000.0,65.0
1215,1000.0,1000.0,1000.0,1000.0,71.0
1216,1000.0,1000.0,1000.0,1000.0,76.0
1217,1000.0,1000.0,1000.0,1000.0,71.0
1218,1000.0,1000.0,1000.0,1000.0,79.0
1219,1000.0,1000.0,1000.0,1000.0,1000.0
1220,1000.0,1000.0,1000.0,1000.0,1000.0
1221,1000.0,1000.0,1000.0,1000.0,1000.0
1222,1000.0,1000.0,1000.0,1000.0,1000.0
1223,1000.0,1000.0,1000.0,1000.0,1000.0
1224,1000.0,1000.0,1000.0,1000.0,1000.0
1225,1000.0,1000.0,1000.0,1000.0,1000.0
1226,1000.0,1000.0,1000.0,1000.0,1000.0
1227,1000.0,1000.0,1000.0,1000.0,1000.0
1228,1000.0,1000.0,1000.0,1000.0,1000.0
1229,1000.0,1000.0,1000.0,1000.0,1000.0
1230,1000.0,1000.0,1000.0,1000.0,1000.0
1231,1000.0,1000.0,1000.0,1000.0,1000.0
1232,1000.0,1000.0,1000.0,1000.0,820.0
1233,1000.0,1000.0,1000.0,1000.0,58.0
1234,1000.0,1000.0,1000.0,1000.0,59.0
1235,1000.0,1000.0,1000.0,1000.0,57.0
1236,1000.0,1000.0,1000.0,1000.0,58.0
1237,1000.0,1000.0,1000.0,1000.0,59.0
1238,1000.0,1000.0,1000.0,1000.0,59.0
1239,1000.0,1000.0,1000.0,1000.0,60.0
1240,1000.0,1000.0,1000.0,1000.0,62.0
1241,1000.0,1000.0,1000.0,1000.0,65.0
1242,1000.0,1000.0,1000.0,1000.0,69.0
1243,1000.0,1000.0,1000.0,1000.0,73.0
1244,1000.0,1000.0,1000.0,1000.0,94.0
1245,1000.0,1000.0,1000.0,1000.0,1000.0
1246,1000.0,1000.0,1000.0,1000.0,1000.0
1247,1000.0,1000.0,1000.0,1000.0,1000.0
1248,1000.0,1000.0,1000.0,1000.0,1000.0
1249,1000.0,1000.0,1000.0,1000.0,1000.0
1250,1000.0,1000.0,1000.0,1000.0,1000.0
1251,1000.0,1000.0,1000.0,1000.0,1000.0
1252,1000.0,1000.0,1000.0,1000.0,1000.0
1253,1000.0,1000.0,1000.0,1000.0,1000.0
1254,1000.0,3.0,1000.0,1000.0,1000.0
1255,1000.0,1000.0,1000.0,1000.0,1000.0
1256,1000.0,1000.0,1000.0,1000.0,1000.0
1257,1000.0,1000.0,1000.0,1000.0,69.0
1258,1000.0,1000.0,1000.0,1000.0,67.0
1259,1000.0,1000.0,1000.0,1000.0,60.0
1260,1000.0,1000.0,1000.0,1000.0,63.0
1261,1000.0,1000.0,1000.0,1000.0,2.0
1262,1000.0,1000.0,1000.0,1000.0,63.0
1263,1000.0,1000.0,1000.0,1000.0,63.0
1264,1000.0,1000.0,1000.0,1000.0,65.0
1265,1000.0,1000.0,1000.0,1000.0,68.0
1266,1000.0,1000.0,1000.0,1000.0,75.0
1267,1000.0,1000.0,1000.0,1000.0,91.0
1268,1000.0,1000.0,1000.0,1000.0,1000.0
1269,1000.0,1000.0,1000.0,1000.0,1000.0
1270,1000.0,1000.0,1000.0,1000.0,1000.0
1271,1000.0,1000.0,1000.0,1000.0,1000.0
1272,1000.0,1000.0,1000.0,1000.0,1000.0
1273,1000.0,1000.0,1000.0,1000.0,1000.0
1274,1000.0,1000.0,1000.0,1000.0,1000.0
1275,1000.0,1000.0,81.0,1000.0,1000.0
1276,1000.0,1000.0,92.0,1000.0,1000.0
1277,1000.0,1000.0,87.0,1000.0,65.0
1278,1000.0,1000.0,1000.0,1000.0,64.0
1279,1000.0,62.0,1000.0,1000.0,64.0
1280,1000.0,64.0,1000.0,1000.0,67.0
1281,1000.0,71.0,1000.0,1000.0,67.0
1282,1000.0,64.0,1000.0,1000.0,65.0
1283,1000.0,1000.0,1000.0,1000.0,71.0
1284,1000.0,1000.0,1000.0,1000.0,75.0
1285,1000.0,1000.0,1000.0,1000.0,80.0
1286,1000.0,1000.0,1000.0,1000.0,1000.0
1287,1000.0,1000.0,100.0,1000.0,1000.0
1288,1000.0,1000.0,91.0,1000.0,1000.0
1289,1000.0,1000.0,1000.0,1000.0,1000.0
1290,1000.0,1000.0,1000.0,1000.0,1000.0
1291,1000.0,1000.0,1000.0,1000.0,1000.0
1292,1000.0,1000.0,1000.0,1000.0,1000.0
1293,1000.0,1000.0,1000.0,1000.0,1000.0
1294,1000.0,1000.0,1000.0,1000.0,79.0
1295,1000.0,1000.0,1000.0,1000.0,69.0
1296,1000.0,1000.0,1000.0,1000.0,73.0
1297,1000.0,1000.0,1000.0,1000.0,91.0
1298,1000.0,1000.0,1000.0,1000.0,1000.0
1299,1000.0,1000.0,1000.0,1000.0,1000.0
1300,1000.0,1000.0,1000.0,1000.0,1000.0
1301,1000.0,1000.0,1000.0,1000.0,1000.0
1302,1000.0,1000.0,1000.0,1000.0,1000.0
1303,1000.0,1000.0,1000.0,1000.0,1000.0
1304,1000.0,1000.0,1000.0,1000.0,1000.0
1305,1000.0,1000.0,1000.0,1000.0,1000.0
1306,1000.0,1000.0,1000.0,1000.0,1000.0
1307,1000.0,1000.0,1000.0,1000.0,1000.0
1308,1000.0,1000.0,1000.0,1000.0,1000.0
1309,1000.0,1000.0,1000.0,1000.0,1000.0
1310,1000.0,1000.0,1000.0,1000.0,1000.0
1311,1000.0,1000.0,1000.0,1000.0,67.0
1312,1000.0,1000.0,1000.0,1000.0,67.0
1313,1000.0,1000.0,1000.0,1000.0,71.0
1314,1000.0,1000.0,1000.0,1000.0,75.0
1315,1000.0,1000.0,1000.0,1000.0,94.0
1316,1000.0,1000.0,1000.0,1000.0,1000.0
1317,1000.0,1000.0,1000.0,1000.0,1000.0
1318,1000.0,1000.0,1000.0,1000.0,1000.0
1319,1000.0,1000.0,1000.0,1000.0,1000.0
1320,1000.0,1000.0,1000.0,1000.0,1000.0
1321,1000.0,1000.0,1000.0,1000.0,1000.0
1322,1000.0,1000.0,1000.0,1000.0,1000.0
1323,1000.0,1000.0,1000.0,1000.0,1000.0
1324,1000.0,1000.0,1000.0,1000.0,1000.0
1325,1000.0,1000.0,1000.0,1000.0,1000.0
1326,1000.0,1000.0,1000.0,1000.0,1000.0
1327,1000.0,1000.0,1000.0,1000.0,1000.0
1328,1000.0,1000.0,1000.0,1000.0,1000.0
1329,1000.0,1000.0,1000.0,1000.0,1000.0
1330,1000.0,1000.0,1000.0,1000.0,1000.0
1331,1000.0,1000.0,1000.0,1000.0,1000.0
1332,1000.0,1000.0,1000.0,1000.0,1000.0
1333,1000.0,1000.0,1000.0,1000.0,1000.0
1334,1000.0,1000.0,1000.0,1000.0,1000.0
1335,1000.0,1000.0,464.0,1000.0,1000.0
1336,1000.0,1000.0,60.0,1000.0,1000.0
1337,1000.0,1000.0,56.0,1000.0,1000.0
1338,1000.0,3.0,57.0,1000.0,1000.0
1339,1000.0,1000.0,59.0,1000.0,1000.0
1340,1000.0,1000.0,61.0,1000.0,1000.0
1341,1000.0,1000.0,61.0,1000.0,91.0
1342,1000.0,67.0,65.0,1000.0,74.0
1343,1000.0,63.0,77.0,1000.0,84.0
1344,1000.0,66.0,83.0,1000.0,64.0
1345,1000.0,1000.0,81.0,1000.0,68.0
1346,1000.0,1000.0,1000.0,1000.0,67.0
1347,1000.0,1000.0,82.0,1000.0,77.0
1348,1000.0,1000.0,1000.0,1000.0,85.0
1349,1000.0,1000.0,79.0,1000.0,1000.0
1350,1000.0,1000.0,76.0,1000.0,1000.0
1351,1000.0,1000.0,75.0,1000.0,1000.0
1352,1000.0,1000.0,76.0,1000.0,1000.0
1353,1000.0,1000.0,72.0,1000.0,1000.0
1354,1000.0,1000.0,84.0,1000.0,1000.0
1355,1000.0,1000.0,85.0,1000.0,1000.0
1356,1000.0,1000.0,1000.0,1000.0,1000.0
1357,1000.0,2.0,1000.0,1000.0,1000.0
1358,1000.0,1000.0,1000.0,1000.0,72.0
1359,1000.0,1000.0,1000.0,1000.0,73.0
1360,1000.0,2.0,1000.0,1000.0,72.0
1361,2.0,1000.0,1000.0,1000.0,74.0
1362,2.0,2.0,1000.0,1000.0,76.0
1363,2.0,3.0,1000.0,1000.0,73.0
1364,2.0,3.0,1000.0,1000.0,75.0
1365,2.0,2.0,1000.0,1000.0,74.0
1366,1000.0,2.0,1000.0,1000.0,80.0
1367,1000.0,55.0,1000.0,1000.0,1000.0
1368,2.0,2.0,1000.0,1000.0,1000.0
1369,1000.0,57.0,1000.0,1000.0,1000.0
1370,1000.0,2.0,1000.0,1000.0,1000.0
1371,1000.0,2.0,1000.0,1000.0,1000.0
1372,1000.0,61.0,1000.0,1000.0,89.0
1373,1000.0,2.0,77.0,1000.0,1000.0
1374,1000.0,62.0,69.0,1000.0,1000.0
1375,1000.0,2.0,66.0,1000.0,1000.0
1376,1000.0,1000.0,66.0,1000.0,1000.0
1377,1000.0,1000.0,66.0,1000.0,374.0
1378,1000.0,1000.0,64.0,1000.0,72.0
1379,1000.0,1000.0,66.0,1000.0,78.0
1380,1000.0,1000.0,76.0,1000.0,72.0
1381,1000.0,1000.0,89.0,1000.0,76.0
1382,1000.0,2.0,70.0,1000.0,2.0
1383,1000.0,2.0,75.0,1000.0,81.0
1384,1000.0,2.0,780.0,1000.0,81.0
1385,1000.0,2.0,81.0,1000.0,108.0
1386,1000.0,2.0,73.0,1000.0,1000.0
1387,1000.0,2.0,71.0,1000.0,1000.0
1388,1000.0,2.0,70.0,1000.0,1000.0
1389,1000.0,2.0,72.0,1000.0,2.0
1390,1000.0,1000.0,81.0,1000.0,1000.0
1391,1000.0,1000.0,96.0,1000.0,1000.0
1392,1000.0,1000.0,1000.0,1000.0,1000.0
1393,1000.0,1000.0,1000.0,1000.0,1000.0
1394,1000.0,1000.0,107.0,1000.0,1000.0
1395,1000.0,2.0,382.0,1000.0,1000.0
1396,1000.0,2.0,72.0,1000.0,1000.0
1397,1000.0,2.0,70.0,1000.0,1000.0
1398,1000.0,1000.0,73.0,1000.0,1000.0
1399,1000.0,2.0,72.0,1000.0,1000.0
1400,1000.0,1000.0,73.0,1000.0,1000.0
1401,1000.0,1000.0,73.0,1000.0,1000.0
1402,1000.0,1000.0,93.0,1000.0,974.0
1403,1000.0,1000.0,81.0,1000.0,77.0
1404,1000.0,1000.0,1000.0,1000.0,81.0
1405,1000.0,1000.0,1000.0,1000.0,1000.0
1406,1000.0,1000.0,1000.0,1000.0,1000.0
1407,1000.0,2.0,75.0,1000.0,1000.0
1408,1000.0,1000.0,1000.0,1000.0,1000.0
1409,616.0,1000.0,81.0,1000.0,1000.0
1410,155.0,1000.0,81.0,1000.0,1000.0
1411,29.0,1000.0,73.0,1000.0,585.0
1412,63.0,1000.0,80.0,1000.0,70.0
1413,1000.0,1000.0,74.0,1000.0,68.0
1414,1000.0,2.0,77.0,1000.0,70.0
1415,1000.0,2.0,81.0,1000.0,70.0
1416,1000.0,2.0,80.0,1000.0,73.0
1417,1000.0,2.0,79.0,1000.0,76.0
1418,1000.0,2.0,1000.0,1000.0,80.0
1419,999.0,1000.0,1000.0,1000.0,86.0
1420,83.0,1000.0,1000.0,1000.0,90.0
1421,88.0,1000.0,1000.0,1000.0,97.0
1422,63.0,1000.0,1000.0,1000.0,707.0
1423,240.0,1000.0,1000.0,1000.0,97.0
1424,1000.0,1000.0,1000.0,1000.0,2.0
1425,1000.0,2.0,1000.0,1000.0,96.0
1426,1000.0,1000.0,1000.0,1000.0,91.0
1427,1000.0,1000.0,1000.0,1000.0,91.0
1428,1000.0,2.0,1000.0,1000.0,105.0
1429,1000.0,3.0,1000.0,1000.0,102.0
1430,1000.0,2.0,1000.0,1000.0,83.0
1431,1000.0,2.0,1000.0,2.0,75.0
1432,1000.0,2.0,1000.0,2.0,74.0
1433,1000.0,2.0,1000.0,2.0,73.0
1434,1000.0,74.0,1000.0,2.0,71.0
1435,1000.0,3.0,1000.0,2.0,74.0
1436,1000.0,2.0,1000.0,2.0,86.0
1437,1000.0,59.0,1000.0,2.0,1000.0
1438,1000.0,2.0,1000.0,2.0,1000.0
1439,1000.0,57.0,1000.0,2.0,896.0
1440,1000.0,53.0,1000.0,2.0,72.0
1441,1000.0,2.0,1000.0,2.0,68.0
1442,1000.0,54.0,1000.0,2.0,72.0
1443,1000.0,55.0,1000.0,2.0,67.0
1444,1000.0,58.0,92.0,2.0,2.0
1445,1000.0,55.0,1000.0,2.0,2.0
1446,1000.0,57.0,1000.0,2.0,77.0
1447,1000.0,62.0,82.0,2.0,2.0
1448,1000.0,69.0,87.0,2.0,74.0
1449,1000.0,1000.0,86.0,2.0,73.0
1450,1000.0,1000.0,88.0,3.0,83.0
1451,1000.0,1000.0,86.0,3.0,81.0
1452,1000.0,1000.0,82.0,2.0,80.0
1453,1000.0,1000.0,1000.0,1000.0,85.0
1454,1000.0,1000.0,1000.0,1000.0,90.0
1455,1000.0,4.0,1000.0,1000.0,1000.0
1456,1000.0,3.0,1000.0,1000.0,1000.0
1457,1000.0,2.0,1000.0,1000.0,80.0
1458,1000.0,1000.0,1000.0,1000.0,82.0
1459,1000.0,1000.0,1000.0,1000.0,85.0
1460,1000.0,1000.0,1000.0,1000.0,1000.0
1461,1000.0,5.0,1000.0,1000.0,1000.0
1462,1000.0,47.0,1000.0,1000.0,1000.0
1463,1000.0,4.0,1000.0,1000.0,1000.0
1464,1000.0,5.0,1000.0,1000.0,1000.0
1465,1000.0,5.0,72.0,1000.0,1000.0
1466,1000.0,47.0,70.0,1000.0,79.0
1467,1000.0,46.0,65.0,1000.0,76.0
1468,1000.0,47.0,68.0,2.0,85.0
1469,1000.0,49.0,75.0,2.0,85.0
1470,1000.0,48.0,80.0,2.0,88.0
1471,1000.0,47.0,1000.0,2.0,1000.0
1472,1000.0,49.0,92.0,1000.0,1000.0
1473,1000.0,51.0,84.0,1000.0,1000.0
1474,1000.0,53.0,1000.0,1000.0,1000.0
1475,1000.0,54.0,1000.0,1000.0,1000.0
1476,1000.0,56.0,1000.0,1000.0,1000.0
1477,1000.0,59.0,1000.0,1000.0,1000.0
1478,1000.0,61.0,1000.0,1000.0,1000.0
1479,1000.0,67.0,1000.0,1000.0,1000.0
1480,1000.0,88.0,1000.0,1000.0,1000.0
1481,1000.0,124.0,1000.0,1000.0,1000.0
1482,1000.0,2.0,1000.0,1000.0,1000.0
1483,1000.0,542.0,67.0,1000.0,1000.0
1484,1000.0,85.0,80.0,1000.0,69.0
1485,1000.0,77.0,1000.0,1000.0,67.0
1486,1000.0,67.0,2.0,1000.0,71.0
1487,1000.0,67.0,1000.0,1000.0,70.0
1488,1000.0,63.0,1000.0,1000.0,76.0
1489,1000.0,62.0,1000.0,2.0,73.0
1490,1000.0,65.0,1000.0,1000.0,84.0
1491,1000.0,66.0,1000.0,1000.0,89.0
1492,1000.0,69.0,83.0,1000.0,1000.0
1493,1000.0,70.0,77.0,1000.0,1000.0
1494,1000.0,69.0,1000.0,1000.0,1000.0
1495,1000.0,69.0,1000.0,1000.0,955.0
1496,1000.0,74.0,1000.0,1000.0,2.0
1497,1000.0,83.0,96.0,1000.0,2.0
1498,1000.0,116.0,1000.0,1000.0,2.0
1499,1000.0,2.0,1000.0,55.0,2.0
1500,1000.0,1000.0,1000.0,54.0,2.0
